pscase_type	pscase_mode	frontier	countmin_search	countmin_mode	BF_steps	runtime
mix_all	false	bpq	hybrid	blank	0	0.0066 ± 2e-04
mix_all	false	bpq	dedup	offline	0	0.0067 ± 3e-04
mix_gen	false	bpq	dedup	offline	0	0.0068 ± 1e-04
mix_all	false	bpq	hybrid	online	0	0.0068 ± 5e-04
mix_gen	false	bpq	hybrid	online	0	0.0068 ± 3e-04
mix_all	false	bpq	dedup	blank	0	0.0068 ± 4e-04
mix_gen	false	bpq	hybrid	offline	0	0.0069 ± 5e-04
randomG	false	bpq	hybrid	online	0	0.0069 ± 2e-04
mix_gen	false	bpq	hybrid	blank	0	0.0069 ± 8e-04
randomG	false	bpq	hybrid	blank	0	0.0070 ± 9e-04
mix_gen	online	bpq	dedup	online	0	0.0070 ± 5e-04
mix_all	false	bpq	dedup	online	0	0.0070 ± 4e-04
mix_gen	online	bpq	dedup	blank	0	0.0071 ± 7e-04
mix_gen	online	bpq	hybrid	blank	0	0.0072 ± 4e-04
randomG	false	bpq	dedup	online	0	0.0072 ± 4e-04
mix_gen	false	bpq	dedup	online	0	0.0072 ± 7e-04
randomG	false	bpq	dedup	blank	0	0.0072 ± 9e-04
mix_gen	online	bpq	hybrid	online	0	0.0072 ± 0.0013
mix_all	online	bpq	dedup	offline	0	0.0074 ± 8e-04
randomG	online	bpq	dedup	online	0	0.0074 ± 0.0011
mix_gen	online	bpq	hybrid	offline	0	0.0074 ± 6e-04
randomG	false	bpq	hybrid	offline	0	0.0074 ± 6e-04
randomG	online	bpq	dedup	blank	0	0.0074 ± 8e-04
randomG	online	bpq	dedup	offline	0	0.0075 ± 7e-04
randomG	online	bpq	hybrid	online	0	0.0075 ± 6e-04
mix_gen	false	bpq	dedup	blank	0	0.0075 ± 0.0013
randomG	online	bpq	hybrid	offline	0	0.0076 ± 8e-04
mix_all	online	bpq	dedup	online	0	0.0076 ± 0.0012
mix_all	online	bpq	hybrid	offline	0	0.0077 ± 7e-04
mix_all	online	bpq	hybrid	online	0	0.0077 ± 0.0018
mix_all	online	bpq	dedup	blank	0	0.0081 ± 0.0017
mix_gen	online	bpq	dedup	offline	0	0.0081 ± 0.0022
randomG	false	bpq	dedup	offline	0	0.0081 ± 4e-04
mix_all	false	bpq	hybrid	offline	0	0.0085 ± 0.0030
mix_all	online	bpq	hybrid	blank	0	0.0086 ± 0.0025
randomG	online	bpq	hybrid	blank	0	0.0092 ± 0.0049
randomG	online	lapq	dedup	online	0	0.0126 ± 6e-04
mix_gen	false	lapq	hybrid	online	0	0.0126 ± 4e-04
mix_gen	online	lapq	hybrid	online	0	0.0127 ± 6e-04
randomG	online	lapq	hybrid	online	0	0.0128 ± 5e-04
mix_gen	false	lapq	hybrid	offline	0	0.0128 ± 8e-04
mix_gen	online	lapq	hybrid	blank	0	0.0130 ± 8e-04
randomG	online	lapq	hybrid	blank	0	0.0130 ± 3e-04
mix_all	false	lapq	dedup	blank	0	0.0131 ± 9e-04
randomG	online	lapq	dedup	blank	0	0.0131 ± 0.0014
mix_gen	online	lapq	dedup	online	0	0.0132 ± 8e-04
mix_all	online	lapq	dedup	offline	0	0.0132 ± 6e-04
mix_all	online	lapq	hybrid	online	0	0.0133 ± 0.0011
mix_all	online	lapq	hybrid	blank	0	0.0133 ± 0.0016
mix_all	false	lapq	hybrid	online	0	0.0133 ± 0.0017
randomG	false	lapq	dedup	blank	0	0.0133 ± 0.0017
mix_gen	false	lapq	dedup	offline	0	0.0134 ± 0.0020
randomG	online	lapq	hybrid	offline	0	0.0134 ± 7e-04
mix_gen	false	lapq	dedup	online	0	0.0135 ± 0.0013
randomG	false	lapq	hybrid	online	0	0.0135 ± 0.0022
mix_all	online	lapq	hybrid	offline	0	0.0135 ± 0.0017
mix_all	false	lapq	dedup	online	0	0.0135 ± 0.0016
mix_gen	false	lapq	hybrid	blank	0	0.0137 ± 0.0023
randomG	false	lapq	hybrid	blank	0	0.0138 ± 0.0031
mix_all	false	lapq	dedup	offline	0	0.0139 ± 0.0021
mix_all	false	lapq	hybrid	offline	0	0.0140 ± 0.0037
mix_gen	online	lapq	dedup	offline	0	0.0142 ± 0.0029
randomG	false	lapq	hybrid	offline	0	0.0143 ± 0.0035
mix_gen	false	lapq	dedup	blank	0	0.0143 ± 0.0028
mix_gen	online	lapq	dedup	blank	0	0.0143 ± 0.0024
randomG	false	lapq	dedup	online	0	0.0143 ± 0.0022
mix_all	false	lapq	hybrid	blank	0	0.0144 ± 0.0035
randomG	false	lapq	dedup	offline	0	0.0150 ± 0.0051
mix_gen	online	lapq	hybrid	offline	0	0.0151 ± 0.0042
mix_all	online	lapq	dedup	blank	0	0.0153 ± 0.0024
mix_all	online	lapq	dedup	online	0	0.0161 ± 0.0066
randomG	online	lapq	dedup	offline	0	0.0161 ± 0.0067
randomG	false	bpq	ob	offline	2	0.6561 ± 0.0056
randomG	false	bpq	ob	offline	3	0.6569 ± 0.0048
mix_all	false	bpq	hybrid	blank	3	0.6570 ± 0.0073
mix_gen	false	bpq	ob	blank	2	0.6570 ± 0.0048
mix_all	false	bpq	ob	offline	2	0.6570 ± 0.0047
mix_all	false	bpq	hybrid	online	2	0.6574 ± 0.0035
mix_gen	false	bpq	ob	blank	3	0.6576 ± 0.0063
randomG	false	bpq	dedup	blank	3	0.6598 ± 0.0074
mix_all	false	bpq	dedup	online	3	0.6615 ± 0.0118
mix_all	false	bpq	ob	online	3	0.6625 ± 0.0152
mix_gen	false	bpq	dedup	blank	3	0.6627 ± 0.0083
mix_all	false	bpq	ob	online	2	0.6636 ± 0.0163
randomG	false	bpq	dedup	blank	2	0.6639 ± 0.0112
mix_all	false	bpq	dedup	offline	2	0.6639 ± 0.0092
randomG	false	bpq	dedup	online	2	0.6643 ± 0.0106
randomG	false	bpq	npf	online	2	0.6644 ± 0.0120
mix_gen	false	bpq	ob	online	3	0.6644 ± 0.0130
randomG	false	bpq	dedup	offline	3	0.6645 ± 0.0082
randomG	false	bpq	npf	offline	3	0.6649 ± 0.0120
mix_gen	false	bpq	dedup	blank	2	0.6651 ± 0.0058
randomG	false	bpq	hybrid	online	2	0.6651 ± 0.0225
mix_all	false	bpq	npf	online	3	0.6658 ± 0.0206
randomG	false	bpq	npf	online	3	0.6659 ± 0.0128
mix_all	false	bpq	ob	blank	2	0.6661 ± 0.0191
randomG	false	bpq	hybrid	online	3	0.6664 ± 0.0228
mix_gen	false	bpq	dedup	online	2	0.6666 ± 0.0074
mix_gen	false	bpq	hybrid	blank	2	0.6667 ± 0.0248
mix_all	false	bpq	hybrid	blank	2	0.6667 ± 0.0247
mix_all	false	bpq	npf	blank	2	0.6674 ± 0.0213
mix_gen	false	bpq	npf	offline	3	0.6677 ± 0.0165
mix_all	false	bpq	npf	offline	3	0.6678 ± 0.0292
mix_gen	false	bpq	hybrid	offline	2	0.6681 ± 0.0261
mix_all	false	bpq	dedup	online	2	0.6684 ± 0.0110
mix_gen	false	bpq	npf	blank	2	0.6685 ± 0.0209
mix_gen	online	bpq	hybrid	offline	3	0.6686 ± 0.0112
mix_gen	false	bpq	hybrid	offline	3	0.6687 ± 0.0207
mix_all	false	bpq	dedup	blank	3	0.6689 ± 0.0088
randomG	false	bpq	npf	blank	3	0.6694 ± 0.0186
randomG	online	bpq	dedup	offline	2	0.6697 ± 0.0087
mix_all	false	bpq	npf	online	2	0.6697 ± 0.0228
randomG	false	bpq	npf	blank	2	0.6698 ± 0.0201
mix_gen	online	bpq	hybrid	offline	2	0.6702 ± 0.0103
randomG	false	bpq	hybrid	offline	2	0.6704 ± 0.0230
mix_gen	false	bpq	npf	blank	3	0.6707 ± 0.0339
mix_all	false	bpq	dedup	blank	2	0.6710 ± 0.0127
randomG	online	bpq	hybrid	blank	2	0.6718 ± 0.0157
randomG	false	bpq	dedup	offline	2	0.6723 ± 0.0060
mix_all	online	bpq	ob	blank	2	0.6725 ± 0.0234
mix_all	online	bpq	hybrid	blank	3	0.6725 ± 0.0173
mix_all	false	bpq	hybrid	offline	3	0.6726 ± 0.0308
mix_all	false	bpq	ob	offline	3	0.6731 ± 0.0371
randomG	false	bpq	hybrid	blank	2	0.6732 ± 0.0200
mix_gen	false	bpq	npf	offline	2	0.6734 ± 0.0151
mix_all	online	bpq	false	false	0	0.6735 ± 0.0132
mix_gen	false	bpq	dedup	offline	3	0.6738 ± 0.0113
mix_gen	false	bpq	hybrid	online	3	0.6741 ± 0.0246
mix_all	false	bpq	hybrid	online	3	0.6743 ± 0.0405
mix_gen	false	bpq	ob	offline	3	0.6746 ± 0.0341
randomG	false	bpq	npf	offline	2	0.6747 ± 0.0109
randomG	false	bpq	ob	blank	3	0.6747 ± 0.0368
mix_gen	online	bpq	false	false	0	0.6748 ± 0.0143
randomG	online	bpq	hybrid	online	3	0.6753 ± 0.0167
randomG	false	bpq	ob	online	3	0.6754 ± 0.0372
randomG	false	bpq	dedup	online	3	0.6756 ± 0.0282
randomG	false	bpq	hybrid	offline	3	0.6757 ± 0.0387
mix_gen	false	bpq	dedup	online	3	0.6758 ± 0.0156
randomG	false	bpq	ob	blank	2	0.6760 ± 0.0353
mix_all	online	bpq	hybrid	online	3	0.6760 ± 0.0091
mix_gen	false	bpq	hybrid	online	2	0.6763 ± 0.0179
mix_gen	false	bpq	npf	online	3	0.6764 ± 0.0255
mix_all	online	bpq	ob	offline	3	0.6765 ± 0.0252
mix_gen	false	bpq	ob	online	2	0.6766 ± 0.0369
mix_all	false	bpq	ob	blank	3	0.6767 ± 0.0245
mix_gen	false	bpq	ob	offline	2	0.6770 ± 0.0396
mix_gen	online	bpq	dedup	online	3	0.6770 ± 0.0162
randomG	online	bpq	dedup	blank	2	0.6770 ± 0.0123
mix_gen	false	bpq	hybrid	blank	3	0.6774 ± 0.0330
randomG	false	bpq	ob	online	2	0.6775 ± 0.0358
mix_all	false	bpq	dedup	offline	3	0.6778 ± 0.0220
mix_all	online	bpq	hybrid	online	2	0.6783 ± 0.0123
mix_all	online	bpq	hybrid	blank	2	0.6784 ± 0.0085
mix_all	online	bpq	ob	online	2	0.6785 ± 0.0191
mix_gen	online	bpq	ob	blank	2	0.6786 ± 0.0156
mix_all	false	bpq	npf	blank	3	0.6792 ± 0.0355
randomG	online	bpq	npf	offline	3	0.6794 ± 0.0198
mix_gen	false	bpq	dedup	offline	2	0.6796 ± 0.0247
randomG	online	bpq	ob	blank	3	0.6801 ± 0.0232
mix_gen	online	bpq	ob	offline	2	0.6803 ± 0.0236
mix_all	online	bpq	ob	blank	3	0.6804 ± 0.0222
mix_gen	online	bpq	npf	online	2	0.6804 ± 0.0243
mix_all	online	bpq	ob	online	3	0.6805 ± 0.0205
mix_gen	online	bpq	dedup	blank	2	0.6806 ± 0.0169
randomG	online	bpq	hybrid	blank	3	0.6808 ± 0.0133
mix_gen	online	bpq	npf	offline	3	0.6808 ± 0.0219
mix_all	online	bpq	dedup	blank	3	0.6809 ± 0.0182
mix_gen	online	bpq	npf	offline	2	0.6812 ± 0.0203
randomG	online	bpq	false	false	0	0.6815 ± 0.0136
mix_gen	online	bpq	npf	online	3	0.6815 ± 0.0232
randomG	online	bpq	ob	online	3	0.6820 ± 0.0159
mix_all	online	bpq	npf	online	3	0.6823 ± 0.0257
randomG	online	bpq	dedup	online	3	0.6825 ± 0.0197
randomG	online	bpq	dedup	offline	3	0.6829 ± 0.0350
mix_all	online	bpq	dedup	offline	3	0.6830 ± 0.0251
randomG	false	bpq	hybrid	blank	3	0.6831 ± 0.0323
mix_all	online	bpq	npf	online	2	0.6836 ± 0.0299
mix_all	online	bpq	hybrid	offline	3	0.6837 ± 0.0252
mix_all	online	bpq	dedup	online	2	0.6843 ± 0.0206
mix_gen	false	bpq	npf	online	2	0.6843 ± 0.0389
mix_all	false	bpq	hybrid	offline	2	0.6844 ± 0.0450
randomG	online	bpq	ob	offline	2	0.6846 ± 0.0090
mix_all	online	bpq	npf	blank	2	0.6849 ± 0.0306
randomG	online	bpq	npf	offline	2	0.6851 ± 0.0240
randomG	online	bpq	ob	offline	3	0.6852 ± 0.0256
mix_all	online	bpq	dedup	blank	2	0.6857 ± 0.0265
randomG	online	bpq	npf	blank	3	0.6863 ± 0.0206
randomG	online	bpq	dedup	blank	3	0.6867 ± 0.0246
mix_gen	online	bpq	dedup	online	2	0.6872 ± 0.0226
randomG	online	bpq	hybrid	offline	2	0.6877 ± 0.0314
mix_gen	online	bpq	ob	online	3	0.6879 ± 0.0259
randomG	online	bpq	ob	online	2	0.6890 ± 0.0181
mix_gen	online	bpq	ob	offline	3	0.6895 ± 0.0299
mix_all	online	bpq	ob	offline	2	0.6905 ± 0.0258
mix_gen	online	bpq	ob	online	2	0.6905 ± 0.0243
mix_gen	online	bpq	dedup	offline	3	0.6906 ± 0.0427
randomG	online	bpq	npf	online	3	0.6930 ± 0.0290
randomG	online	bpq	hybrid	online	2	0.6932 ± 0.0245
mix_gen	online	bpq	hybrid	online	2	0.6942 ± 0.0408
randomG	online	bpq	npf	blank	2	0.6948 ± 0.0210
mix_all	online	bpq	npf	blank	3	0.6953 ± 0.0515
mix_gen	online	bpq	ob	blank	3	0.6975 ± 0.0506
randomG	online	bpq	ob	blank	2	0.6983 ± 0.0296
randomG	online	bpq	dedup	online	2	0.6989 ± 0.0292
mix_all	false	bpq	npf	offline	2	0.7017 ± 0.0956
mix_gen	online	bpq	npf	blank	3	0.7039 ± 0.0312
mix_all	online	bpq	dedup	offline	2	0.7041 ± 0.0626
mix_gen	online	bpq	dedup	offline	2	0.7078 ± 0.0805
mix_all	online	bpq	hybrid	offline	2	0.7102 ± 0.0374
mix_gen	online	bpq	hybrid	online	3	0.7107 ± 0.0528
mix_gen	online	bpq	dedup	blank	3	0.7209 ± 0.0337
randomG	false	bpq	false	false	0	0.7303 ± 0.0238
mix_gen	online	bpq	hybrid	blank	3	0.7315 ± 0.0646
mix_gen	online	bpq	hybrid	blank	2	0.7342 ± 0.0634
randomG	online	bpq	npf	online	2	0.7440 ± 0.1476
mix_all	online	bpq	dedup	online	3	0.7610 ± 0.1214
mix_gen	online	bpq	npf	blank	2	0.7647 ± 0.1528
mix_all	online	bpq	npf	offline	3	0.7910 ± 0.1783
mix_all	online	bpq	npf	offline	2	0.7935 ± 0.1582
randomG	false	bpq	ob	offline	1	0.8693 ± 0.0096
mix_all	false	bpq	dedup	offline	1	0.8738 ± 0.0069
mix_all	false	bpq	ob	offline	1	0.8741 ± 0.0123
mix_all	false	bpq	hybrid	blank	1	0.8767 ± 0.0070
randomG	false	bpq	npf	offline	1	0.8797 ± 0.0109
mix_all	false	bpq	npf	offline	1	0.8813 ± 0.0292
mix_all	false	bpq	hybrid	online	1	0.8821 ± 0.0199
mix_gen	online	bpq	hybrid	offline	1	0.8827 ± 0.0137
randomG	false	bpq	hybrid	offline	1	0.8829 ± 0.0251
randomG	online	bpq	dedup	offline	1	0.8835 ± 0.0186
mix_gen	false	bpq	hybrid	offline	1	0.8838 ± 0.0256
randomG	false	bpq	dedup	offline	1	0.8839 ± 0.0073
randomG	false	bpq	npf	offline	0	0.8847 ± 0.0139
mix_gen	false	bpq	ob	blank	1	0.8858 ± 0.0052
randomG	false	bpq	hybrid	blank	1	0.8860 ± 0.0257
randomG	false	bpq	dedup	online	1	0.8868 ± 0.0098
mix_all	online	bpq	dedup	offline	1	0.8870 ± 0.0232
mix_all	false	bpq	dedup	online	1	0.8872 ± 0.0176
mix_gen	false	bpq	npf	blank	1	0.8873 ± 0.0243
randomG	false	bpq	npf	online	1	0.8890 ± 0.0125
mix_all	false	bpq	ob	blank	1	0.8896 ± 0.0196
mix_gen	false	bpq	dedup	blank	1	0.8897 ± 0.0110
mix_gen	false	bpq	hybrid	online	1	0.8910 ± 0.0270
randomG	false	bpq	ob	online	1	0.8911 ± 0.0349
randomG	online	bpq	npf	offline	1	0.8912 ± 0.0227
mix_all	false	bpq	npf	blank	1	0.8920 ± 0.0245
mix_all	false	bpq	ob	online	1	0.8922 ± 0.0197
randomG	false	bpq	npf	online	0	0.8928 ± 0.0114
mix_gen	false	bpq	hybrid	blank	1	0.8935 ± 0.0237
randomG	online	bpq	hybrid	offline	1	0.8957 ± 0.0301
mix_all	online	bpq	ob	offline	1	0.8960 ± 0.0305
randomG	false	bpq	ob	blank	1	0.8965 ± 0.0372
mix_gen	false	bpq	npf	blank	0	0.8967 ± 0.0214
mix_gen	online	bpq	dedup	blank	1	0.8968 ± 0.0173
mix_all	false	bpq	dedup	blank	1	0.8969 ± 0.0235
mix_gen	false	bpq	npf	offline	0	0.8970 ± 0.0171
mix_all	false	bpq	npf	blank	0	0.8974 ± 0.0228
mix_all	false	bpq	npf	online	1	0.8980 ± 0.0229
randomG	online	bpq	npf	offline	0	0.8982 ± 0.0266
mix_gen	online	bpq	ob	offline	1	0.8984 ± 0.0225
mix_all	online	bpq	hybrid	online	1	0.8988 ± 0.0180
mix_gen	online	bpq	dedup	offline	1	0.8994 ± 0.0253
randomG	false	bpq	dedup	blank	1	0.8997 ± 0.0320
randomG	online	bpq	npf	blank	1	0.9008 ± 0.0234
mix_all	online	bpq	ob	blank	1	0.9013 ± 0.0229
mix_gen	online	bpq	dedup	online	1	0.9014 ± 0.0223
mix_all	online	bpq	hybrid	blank	1	0.9021 ± 0.0158
mix_gen	false	bpq	ob	offline	1	0.9025 ± 0.0477
mix_gen	false	bpq	dedup	online	1	0.9030 ± 0.0096
mix_gen	false	bpq	ob	online	1	0.9033 ± 0.0357
randomG	online	bpq	hybrid	online	1	0.9056 ± 0.0412
mix_all	online	bpq	npf	online	1	0.9057 ± 0.0260
mix_gen	online	bpq	npf	offline	1	0.9059 ± 0.0231
mix_gen	false	bpq	npf	online	0	0.9062 ± 0.0222
mix_all	online	bpq	npf	blank	1	0.9064 ± 0.0281
randomG	false	bpq	npf	blank	0	0.9073 ± 0.0399
randomG	online	bpq	npf	online	0	0.9082 ± 0.0294
mix_gen	online	bpq	hybrid	blank	1	0.9117 ± 0.0461
randomG	online	bpq	npf	online	1	0.9122 ± 0.0300
randomG	online	bpq	ob	online	1	0.9123 ± 0.0311
mix_gen	online	bpq	npf	online	1	0.9125 ± 0.0241
randomG	online	bpq	npf	blank	0	0.9129 ± 0.0338
mix_all	online	bpq	ob	online	1	0.9140 ± 0.0266
mix_all	online	bpq	dedup	blank	1	0.9152 ± 0.0349
mix_gen	false	bpq	npf	online	1	0.9153 ± 0.0350
randomG	online	bpq	dedup	blank	1	0.9155 ± 0.0193
mix_all	online	bpq	npf	blank	0	0.9156 ± 0.0326
mix_gen	online	bpq	ob	blank	1	0.9161 ± 0.0198
mix_all	false	bpq	npf	online	0	0.9172 ± 0.0461
randomG	online	bpq	ob	blank	1	0.9197 ± 0.0331
mix_gen	false	bpq	npf	offline	1	0.9206 ± 0.0527
mix_gen	online	bpq	npf	blank	0	0.9211 ± 0.0233
mix_gen	online	bpq	hybrid	online	1	0.9225 ± 0.0419
mix_gen	online	bpq	npf	online	0	0.9225 ± 0.0264
mix_gen	online	bpq	npf	blank	1	0.9235 ± 0.0301
mix_all	online	bpq	npf	online	0	0.9245 ± 0.0320
mix_gen	online	bpq	npf	offline	0	0.9246 ± 0.0422
mix_all	false	bpq	ob	offline	0	0.9253 ± 0.0065
mix_all	online	bpq	dedup	online	1	0.9253 ± 0.0330
randomG	false	bpq	ob	offline	0	0.9261 ± 0.0093
randomG	false	bpq	hybrid	online	1	0.9270 ± 0.1077
randomG	false	bpq	npf	blank	1	0.9278 ± 0.1100
randomG	online	bpq	dedup	online	1	0.9284 ± 0.0480
mix_all	false	bpq	npf	offline	0	0.9308 ± 0.1245
mix_all	false	bpq	ob	online	0	0.9334 ± 0.0050
mix_all	false	bpq	ob	blank	0	0.9339 ± 0.0078
mix_all	online	bpq	hybrid	offline	1	0.9352 ± 0.0706
mix_gen	false	bpq	dedup	offline	1	0.9353 ± 0.1250
mix_gen	online	bpq	ob	online	1	0.9424 ± 0.0456
mix_gen	false	bpq	ob	offline	0	0.9508 ± 0.0434
randomG	online	bpq	ob	offline	0	0.9549 ± 0.0238
mix_gen	false	bpq	ob	blank	0	0.9554 ± 0.0326
randomG	false	bpq	ob	online	0	0.9554 ± 0.0271
randomG	false	bpq	ob	blank	0	0.9571 ± 0.0335
mix_gen	online	bpq	ob	offline	0	0.9592 ± 0.0195
randomG	online	bpq	ob	blank	0	0.9613 ± 0.0255
mix_gen	false	bpq	ob	online	0	0.9640 ± 0.0326
randomG	online	bpq	ob	online	0	0.9642 ± 0.0305
randomG	online	bpq	hybrid	offline	3	0.9664 ± 0.6491
mix_gen	online	bpq	ob	blank	0	0.9680 ± 0.0271
mix_all	false	bpq	hybrid	offline	1	0.9687 ± 0.2008
mix_all	online	bpq	ob	online	0	0.9710 ± 0.0357
mix_all	online	bpq	npf	offline	0	0.9716 ± 0.1284
mix_all	online	bpq	ob	blank	0	0.9726 ± 0.0442
mix_all	online	bpq	ob	offline	0	0.9748 ± 0.0683
randomG	online	bpq	ob	offline	1	0.9881 ± 0.1873
mix_gen	online	bpq	ob	online	0	0.9947 ± 0.0544
mix_all	online	bpq	npf	offline	1	1.0004 ± 0.1798
randomG	online	bpq	hybrid	blank	1	1.0008 ± 0.2523
mix_gen	false	lapq	npf	blank	3	1.4451 ± 0.0383
randomG	false	lapq	npf	online	2	1.4473 ± 0.0272
randomG	false	lapq	dedup	blank	3	1.4501 ± 0.0272
mix_all	false	lapq	npf	online	3	1.4506 ± 0.0565
mix_gen	false	lapq	npf	online	3	1.4512 ± 0.0308
randomG	online	lapq	ob	offline	3	1.4528 ± 0.0284
mix_gen	online	lapq	npf	online	2	1.4539 ± 0.0261
mix_gen	false	lapq	dedup	blank	2	1.4547 ± 0.0376
randomG	online	lapq	npf	blank	3	1.4554 ± 0.0284
randomG	online	lapq	dedup	blank	3	1.4582 ± 0.0240
mix_all	online	lapq	ob	online	3	1.4587 ± 0.0371
mix_gen	false	lapq	npf	blank	2	1.4600 ± 0.0606
mix_all	false	lapq	npf	online	2	1.4601 ± 0.0401
mix_all	false	lapq	hybrid	offline	2	1.4609 ± 0.0177
mix_all	false	lapq	npf	offline	2	1.4610 ± 0.0566
mix_all	false	lapq	npf	blank	2	1.4627 ± 0.0724
randomG	false	lapq	npf	online	3	1.4637 ± 0.0580
mix_all	false	lapq	dedup	blank	3	1.4638 ± 0.0380
randomG	false	lapq	npf	offline	3	1.4643 ± 0.0304
randomG	false	lapq	dedup	blank	2	1.4653 ± 0.0339
mix_gen	online	lapq	npf	blank	2	1.4656 ± 0.0169
mix_gen	false	lapq	hybrid	offline	3	1.4657 ± 0.0179
randomG	online	lapq	dedup	offline	2	1.4674 ± 0.0620
mix_gen	false	lapq	hybrid	online	3	1.4675 ± 0.0329
mix_all	online	lapq	ob	online	2	1.4678 ± 0.0358
mix_gen	online	lapq	ob	online	2	1.4683 ± 0.0356
mix_all	false	lapq	dedup	online	3	1.4685 ± 0.0259
randomG	false	lapq	dedup	online	3	1.4690 ± 0.0607
randomG	online	lapq	dedup	offline	3	1.4693 ± 0.0449
randomG	false	lapq	hybrid	blank	2	1.4697 ± 0.0373
mix_gen	false	lapq	hybrid	offline	2	1.4698 ± 0.0332
randomG	online	lapq	ob	blank	2	1.4700 ± 0.0390
randomG	online	lapq	hybrid	offline	3	1.4708 ± 0.0202
mix_all	false	lapq	hybrid	blank	3	1.4730 ± 0.0270
mix_gen	online	lapq	ob	offline	3	1.4738 ± 0.0512
mix_gen	false	lapq	hybrid	online	2	1.4740 ± 0.0483
mix_all	online	lapq	ob	offline	3	1.4741 ± 0.0228
randomG	online	lapq	ob	blank	3	1.4749 ± 0.0493
randomG	online	lapq	dedup	blank	2	1.4757 ± 0.0272
mix_gen	online	lapq	dedup	offline	2	1.4758 ± 0.0233
mix_all	online	lapq	npf	online	3	1.4762 ± 0.0303
mix_all	false	lapq	dedup	online	2	1.4765 ± 0.0286
mix_gen	online	lapq	ob	offline	2	1.4783 ± 0.0521
mix_gen	online	lapq	npf	offline	2	1.4787 ± 0.0517
randomG	online	lapq	ob	offline	2	1.4792 ± 0.0475
randomG	false	lapq	hybrid	blank	3	1.4801 ± 0.0472
mix_gen	false	lapq	hybrid	blank	2	1.4808 ± 0.0497
randomG	online	lapq	hybrid	online	2	1.4810 ± 0.0413
mix_all	online	lapq	hybrid	offline	2	1.4813 ± 0.0607
randomG	online	lapq	dedup	online	2	1.4824 ± 0.0503
randomG	online	lapq	hybrid	online	3	1.4830 ± 0.0382
mix_all	online	lapq	npf	blank	2	1.4840 ± 0.0401
mix_gen	false	lapq	dedup	offline	3	1.4841 ± 0.0564
mix_all	online	lapq	npf	offline	3	1.4846 ± 0.0393
mix_all	online	lapq	hybrid	offline	3	1.4851 ± 0.0522
mix_gen	online	lapq	npf	offline	3	1.4851 ± 0.0801
mix_all	false	lapq	hybrid	online	2	1.4860 ± 0.0479
mix_all	false	lapq	dedup	blank	2	1.4861 ± 0.0496
mix_gen	online	lapq	hybrid	offline	3	1.4878 ± 0.0499
randomG	online	lapq	hybrid	blank	3	1.4885 ± 0.0380
mix_all	online	lapq	npf	online	2	1.4896 ± 0.0458
mix_all	online	lapq	hybrid	online	2	1.4907 ± 0.0767
mix_gen	online	lapq	hybrid	blank	2	1.4918 ± 0.0663
mix_gen	false	lapq	dedup	offline	2	1.4918 ± 0.0515
mix_all	online	lapq	ob	blank	3	1.4924 ± 0.0440
mix_gen	false	lapq	hybrid	blank	3	1.4935 ± 0.0667
randomG	online	lapq	hybrid	blank	2	1.4937 ± 0.0558
mix_gen	online	lapq	hybrid	online	2	1.4946 ± 0.0501
mix_gen	online	lapq	hybrid	online	3	1.4953 ± 0.0563
mix_gen	online	lapq	hybrid	blank	3	1.4965 ± 0.0493
mix_all	false	lapq	ob	blank	3	1.4971 ± 0.0995
randomG	false	lapq	dedup	offline	2	1.4971 ± 0.0901
mix_all	online	lapq	hybrid	online	3	1.4981 ± 0.0767
mix_gen	false	lapq	dedup	blank	3	1.4985 ± 0.1179
mix_gen	false	lapq	npf	offline	3	1.4987 ± 0.1522
mix_all	online	lapq	npf	blank	3	1.5021 ± 0.0842
mix_gen	online	lapq	dedup	blank	3	1.5028 ± 0.0176
mix_gen	online	lapq	npf	online	3	1.5049 ± 0.0863
mix_all	online	lapq	npf	offline	2	1.5051 ± 0.0270
randomG	online	lapq	dedup	online	3	1.5054 ± 0.0510
mix_all	false	lapq	hybrid	blank	2	1.5059 ± 0.0532
mix_gen	online	lapq	npf	blank	3	1.5061 ± 0.0942
mix_all	online	lapq	ob	offline	2	1.5067 ± 0.0554
mix_all	false	lapq	hybrid	offline	3	1.5091 ± 0.0590
mix_gen	online	lapq	dedup	online	2	1.5131 ± 0.0592
mix_all	online	lapq	dedup	offline	3	1.5172 ± 0.0849
randomG	online	lapq	hybrid	offline	2	1.5210 ± 0.1244
randomG	online	lapq	false	false	0	1.5216 ± 0.0479
randomG	false	lapq	dedup	offline	3	1.5219 ± 0.0828
mix_gen	online	lapq	ob	online	3	1.5272 ± 0.1610
mix_all	false	lapq	npf	blank	3	1.5292 ± 0.2013
randomG	false	lapq	npf	offline	2	1.5303 ± 0.1249
mix_all	online	lapq	hybrid	blank	2	1.5304 ± 0.0936
mix_all	online	lapq	dedup	online	2	1.5325 ± 0.0885
mix_all	false	lapq	hybrid	online	3	1.5412 ± 0.1659
mix_all	false	lapq	dedup	offline	3	1.5445 ± 0.0981
mix_all	online	lapq	ob	blank	2	1.5447 ± 0.1240
mix_all	false	lapq	dedup	offline	2	1.5468 ± 0.1164
mix_gen	online	lapq	false	false	0	1.5481 ± 0.1095
mix_all	online	lapq	false	false	0	1.5498 ± 0.1366
randomG	online	lapq	npf	blank	2	1.5512 ± 0.1132
randomG	false	lapq	hybrid	online	3	1.5514 ± 0.1860
randomG	online	lapq	npf	online	3	1.5595 ± 0.1344
mix_all	online	lapq	dedup	online	3	1.5629 ± 0.1261
mix_all	false	lapq	ob	online	3	1.5702 ± 0.3193
mix_gen	false	lapq	npf	online	2	1.5702 ± 0.1030
mix_gen	false	lapq	dedup	online	3	1.5773 ± 0.2648
mix_all	false	lapq	ob	offline	3	1.5774 ± 0.3565
mix_gen	online	lapq	dedup	offline	3	1.5792 ± 0.1880
randomG	false	lapq	dedup	online	2	1.5840 ± 0.2611
mix_all	false	lapq	ob	blank	2	1.5842 ± 0.3584
mix_gen	online	lapq	dedup	blank	2	1.5945 ± 0.1307
mix_all	false	lapq	npf	offline	3	1.5993 ± 0.2995
mix_gen	false	lapq	npf	offline	2	1.6032 ± 0.3415
mix_gen	false	lapq	ob	blank	3	1.6174 ± 0.3127
mix_gen	false	lapq	ob	blank	2	1.6189 ± 0.3168
randomG	false	lapq	ob	blank	3	1.6196 ± 0.3330
mix_all	online	lapq	dedup	blank	3	1.6199 ± 0.3159
mix_gen	online	lapq	ob	blank	2	1.6243 ± 0.3632
randomG	false	lapq	hybrid	offline	2	1.6284 ± 0.2604
randomG	false	lapq	hybrid	offline	3	1.6333 ± 0.2632
mix_gen	false	lapq	ob	online	2	1.6340 ± 0.3987
randomG	online	lapq	npf	online	2	1.6356 ± 0.3131
randomG	false	lapq	ob	online	3	1.6379 ± 0.3888
mix_gen	online	lapq	ob	blank	3	1.6387 ± 0.3787
mix_all	online	lapq	dedup	blank	2	1.6400 ± 0.3514
randomG	online	lapq	ob	online	2	1.6402 ± 0.4285
randomG	online	lapq	npf	offline	2	1.6413 ± 0.3506
mix_all	false	lapq	ob	offline	2	1.6428 ± 0.5052
mix_gen	false	lapq	ob	offline	2	1.6553 ± 0.4560
randomG	online	lapq	ob	online	3	1.6557 ± 0.3697
randomG	online	lapq	npf	offline	3	1.6596 ± 0.3496
mix_all	false	lapq	npf	blank	1	1.6598 ± 0.0425
mix_gen	false	lapq	dedup	online	2	1.6612 ± 0.4604
mix_all	false	lapq	npf	online	1	1.6632 ± 0.0344
mix_gen	online	lapq	hybrid	offline	2	1.6636 ± 0.4172
randomG	false	lapq	ob	online	2	1.6638 ± 0.3344
mix_all	false	lapq	npf	offline	0	1.6657 ± 0.0462
randomG	false	lapq	hybrid	online	2	1.6673 ± 0.2832
randomG	false	lapq	ob	blank	2	1.6691 ± 0.3136
mix_gen	false	lapq	npf	online	1	1.6738 ± 0.0508
mix_gen	false	lapq	npf	blank	0	1.6739 ± 0.0478
mix_all	false	lapq	npf	offline	1	1.6739 ± 0.0638
mix_all	false	lapq	npf	blank	0	1.6744 ± 0.0500
randomG	false	lapq	false	false	0	1.6754 ± 0.4953
randomG	online	lapq	ob	offline	1	1.6763 ± 0.0388
mix_gen	false	lapq	ob	offline	3	1.6781 ± 0.3998
randomG	false	lapq	npf	online	1	1.6816 ± 0.0599
mix_gen	false	lapq	npf	blank	1	1.6823 ± 0.0589
mix_all	online	lapq	ob	online	1	1.6841 ± 0.0368
mix_all	online	lapq	dedup	offline	1	1.6843 ± 0.0467
mix_all	false	lapq	hybrid	offline	1	1.6873 ± 0.0278
mix_gen	online	lapq	npf	online	1	1.6879 ± 0.0507
randomG	online	lapq	ob	blank	1	1.6885 ± 0.0352
mix_gen	false	lapq	ob	online	3	1.6899 ± 0.4638
mix_all	false	lapq	dedup	blank	1	1.6909 ± 0.0174
randomG	false	lapq	ob	offline	3	1.6910 ± 0.3644
mix_all	false	lapq	ob	online	2	1.6929 ± 0.3663
randomG	online	lapq	dedup	offline	1	1.6942 ± 0.0552
mix_all	online	lapq	npf	online	1	1.6974 ± 0.0320
randomG	online	lapq	hybrid	online	1	1.6984 ± 0.0335
mix_gen	online	lapq	ob	offline	1	1.6992 ± 0.0606
randomG	false	lapq	npf	blank	0	1.6996 ± 0.0655
mix_gen	online	lapq	npf	blank	0	1.7019 ± 0.0347
mix_gen	false	lapq	dedup	offline	1	1.7021 ± 0.0607
mix_all	online	lapq	dedup	offline	2	1.7026 ± 0.4870
mix_all	online	lapq	hybrid	online	1	1.7029 ± 0.0599
mix_gen	false	lapq	hybrid	blank	1	1.7031 ± 0.0670
randomG	false	lapq	dedup	offline	1	1.7050 ± 0.0714
mix_all	online	lapq	hybrid	offline	1	1.7056 ± 0.0767
mix_gen	false	lapq	hybrid	online	1	1.7087 ± 0.0390
mix_gen	online	lapq	npf	offline	0	1.7126 ± 0.0762
mix_gen	online	lapq	npf	offline	1	1.7127 ± 0.0472
mix_gen	online	lapq	ob	online	1	1.7134 ± 0.0153
mix_gen	false	lapq	hybrid	offline	1	1.7145 ± 0.0955
randomG	online	lapq	hybrid	offline	1	1.7163 ± 0.0633
mix_all	online	lapq	npf	blank	0	1.7167 ± 0.0520
mix_gen	online	lapq	dedup	offline	1	1.7168 ± 0.0946
randomG	online	lapq	dedup	blank	1	1.7186 ± 0.0445
mix_gen	false	lapq	dedup	online	1	1.7190 ± 0.0621
randomG	false	lapq	dedup	online	1	1.7193 ± 0.0622
randomG	false	lapq	npf	offline	0	1.7206 ± 0.0442
mix_gen	online	lapq	hybrid	online	1	1.7219 ± 0.0484
mix_all	online	lapq	npf	blank	1	1.7247 ± 0.0541
mix_gen	online	lapq	hybrid	blank	1	1.7286 ± 0.0806
randomG	online	lapq	npf	blank	1	1.7293 ± 0.0806
mix_gen	false	lapq	npf	online	0	1.7342 ± 0.1066
mix_gen	online	lapq	npf	blank	1	1.7357 ± 0.0804
mix_all	online	lapq	npf	online	0	1.7360 ± 0.1006
randomG	online	lapq	hybrid	blank	1	1.7363 ± 0.0851
mix_gen	online	lapq	dedup	online	1	1.7364 ± 0.0760
mix_all	false	lapq	dedup	online	1	1.7366 ± 0.1068
randomG	false	lapq	dedup	blank	1	1.7380 ± 0.0264
randomG	false	lapq	npf	online	0	1.7392 ± 0.1198
mix_all	online	lapq	ob	blank	0	1.7397 ± 0.0466
mix_all	false	lapq	dedup	offline	1	1.7415 ± 0.1074
mix_all	online	lapq	npf	offline	1	1.7432 ± 0.1010
mix_all	online	lapq	ob	blank	1	1.7447 ± 0.0993
randomG	false	lapq	npf	blank	2	1.7459 ± 0.3417
mix_all	online	lapq	ob	online	0	1.7471 ± 0.0244
mix_all	online	lapq	hybrid	blank	1	1.7472 ± 0.1362
randomG	online	lapq	ob	offline	0	1.7474 ± 0.0149
randomG	false	lapq	npf	blank	1	1.7501 ± 0.0834
randomG	false	lapq	npf	blank	3	1.7532 ± 0.3251
mix_all	online	lapq	ob	offline	1	1.7592 ± 0.1049
mix_gen	online	lapq	npf	online	0	1.7594 ± 0.1127
mix_gen	online	lapq	ob	offline	0	1.7622 ± 0.0717
mix_all	false	lapq	ob	blank	1	1.7688 ± 0.1009
mix_all	online	lapq	npf	offline	0	1.7709 ± 0.1740
mix_all	false	lapq	hybrid	online	1	1.7745 ± 0.1398
mix_gen	online	lapq	ob	online	0	1.7765 ± 0.0912
mix_all	online	lapq	hybrid	blank	3	1.7771 ± 0.5312
randomG	online	lapq	dedup	online	1	1.7784 ± 0.2063
randomG	online	lapq	npf	blank	0	1.7786 ± 0.0695
randomG	false	lapq	hybrid	blank	1	1.7884 ± 0.2130
mix_all	false	lapq	ob	blank	0	1.7898 ± 0.1552
mix_gen	online	lapq	dedup	blank	1	1.7940 ± 0.1485
mix_gen	online	lapq	hybrid	offline	1	1.7959 ± 0.2222
randomG	false	lapq	ob	online	0	1.7982 ± 0.1438
mix_all	false	lapq	npf	online	0	1.8028 ± 0.1670
randomG	online	lapq	ob	online	0	1.8090 ± 0.1775
randomG	false	lapq	ob	offline	2	1.8129 ± 0.4757
randomG	false	lapq	ob	offline	1	1.8185 ± 0.2306
randomG	false	lapq	npf	offline	1	1.8266 ± 0.2268
mix_all	online	lapq	dedup	online	1	1.8279 ± 0.2749
mix_all	false	lapq	ob	online	1	1.8315 ± 0.3980
mix_gen	false	lapq	npf	offline	1	1.8334 ± 0.3421
randomG	false	lapq	hybrid	online	1	1.8382 ± 0.2651
randomG	online	lapq	ob	blank	0	1.8493 ± 0.1311
mix_gen	false	lapq	ob	online	0	1.8526 ± 0.1457
mix_gen	false	lapq	ob	offline	1	1.8531 ± 0.4063
randomG	online	lapq	npf	offline	1	1.8562 ± 0.3474
mix_gen	online	lapq	dedup	online	3	1.8569 ± 0.8101
mix_all	online	lapq	dedup	blank	1	1.8624 ± 0.3503
mix_all	false	lapq	hybrid	blank	1	1.8636 ± 0.3224
randomG	online	lapq	ob	online	1	1.8652 ± 0.4291
mix_gen	online	lapq	ob	blank	1	1.8668 ± 0.4058
randomG	online	lapq	npf	online	1	1.8671 ± 0.3372
mix_gen	false	lapq	dedup	blank	1	1.8817 ± 0.2586
mix_gen	false	lapq	ob	blank	0	1.8908 ± 0.3449
mix_all	false	lapq	ob	online	0	1.8957 ± 0.4390
randomG	false	lapq	hybrid	offline	1	1.9076 ± 0.3200
mix_gen	false	lapq	npf	offline	0	1.9080 ± 0.3354
randomG	online	lapq	npf	offline	0	1.9080 ± 0.3188
mix_all	false	lapq	ob	offline	0	1.9098 ± 0.4112
mix_gen	false	lapq	ob	blank	1	1.9103 ± 0.4018
randomG	false	lapq	ob	offline	0	1.9162 ± 0.3967
randomG	online	lapq	npf	online	0	1.9163 ± 0.3763
mix_all	online	lapq	ob	offline	0	1.9279 ± 0.4049
mix_gen	false	lapq	ob	offline	0	1.9378 ± 0.4917
randomG	false	lapq	ob	blank	1	1.9471 ± 0.4875
mix_gen	online	lapq	ob	blank	0	1.9627 ± 0.5034
randomG	false	lapq	ob	online	1	1.9681 ± 0.3829
randomG	false	lapq	ob	blank	0	1.9729 ± 0.4631
mix_gen	false	lapq	ob	online	1	2.0290 ± 0.6226
mix_all	false	lapq	ob	offline	1	2.0728 ± 0.9633
mix_all	blank	bpq	npf	blank	1	2.0740 ± 0.0594
mix_all	blank	bpq	npf	blank	3	2.0770 ± 0.0593
randomG	blank	bpq	hybrid	blank	3	2.0782 ± 0.0680
randomG	blank	bpq	hybrid	online	0	2.0790 ± 0.0623
randomG	blank	bpq	hybrid	offline	0	2.0796 ± 0.0670
randomG	blank	bpq	ob	online	2	2.0816 ± 0.0423
randomG	blank	bpq	hybrid	offline	3	2.0825 ± 0.0657
mix_all	blank	bpq	npf	offline	3	2.0834 ± 0.0573
randomG	blank	bpq	hybrid	blank	1	2.0850 ± 0.0786
mix_gen	blank	bpq	npf	online	3	2.0882 ± 0.0623
mix_all	blank	bpq	npf	blank	2	2.0896 ± 0.0489
mix_gen	blank	bpq	npf	blank	0	2.0902 ± 0.0551
mix_all	blank	bpq	npf	offline	2	2.0913 ± 0.0601
mix_gen	blank	bpq	hybrid	offline	1	2.0944 ± 0.0784
mix_all	offline	bpq	npf	blank	1	2.0946 ± 0.0304
randomG	offline	bpq	npf	online	0	2.0955 ± 0.0582
randomG	blank	bpq	hybrid	offline	2	2.0958 ± 0.0690
mix_all	offline	bpq	npf	offline	2	2.0975 ± 0.0352
randomG	blank	bpq	ob	blank	1	2.0991 ± 0.0651
mix_gen	offline	bpq	npf	blank	2	2.0997 ± 0.0271
mix_gen	blank	bpq	hybrid	online	1	2.0998 ± 0.0836
randomG	offline	bpq	npf	online	2	2.1005 ± 0.0122
mix_gen	blank	bpq	npf	blank	3	2.1006 ± 0.0610
mix_gen	blank	bpq	npf	offline	1	2.1019 ± 0.0732
randomG	blank	bpq	hybrid	blank	2	2.1023 ± 0.1120
randomG	blank	bpq	hybrid	offline	1	2.1033 ± 0.0588
mix_all	offline	bpq	npf	online	3	2.1035 ± 0.0448
mix_all	offline	bpq	npf	online	1	2.1038 ± 0.0394
randomG	offline	bpq	dedup	blank	2	2.1048 ± 0.0380
mix_all	offline	bpq	npf	blank	2	2.1057 ± 0.0395
mix_gen	offline	bpq	npf	blank	1	2.1058 ± 0.0336
randomG	blank	bpq	ob	offline	3	2.1062 ± 0.0687
mix_gen	blank	bpq	npf	online	0	2.1062 ± 0.0660
mix_all	offline	bpq	npf	blank	3	2.1063 ± 0.0417
mix_all	offline	bpq	npf	offline	0	2.1065 ± 0.0365
randomG	blank	bpq	ob	online	1	2.1069 ± 0.0629
randomG	offline	bpq	dedup	offline	3	2.1071 ± 0.0151
mix_gen	offline	bpq	npf	online	3	2.1082 ± 0.0180
mix_gen	blank	bpq	dedup	offline	2	2.1087 ± 0.0345
mix_gen	blank	bpq	npf	blank	2	2.1095 ± 0.0633
mix_gen	blank	bpq	dedup	blank	0	2.1098 ± 0.0197
mix_gen	offline	bpq	ob	blank	0	2.1104 ± 0.0426
mix_gen	blank	bpq	npf	offline	0	2.1108 ± 0.0347
randomG	offline	bpq	npf	online	3	2.1116 ± 0.0342
mix_all	offline	bpq	ob	online	3	2.1127 ± 0.0383
mix_gen	blank	bpq	dedup	online	0	2.1127 ± 0.0135
randomG	blank	bpq	ob	blank	0	2.1132 ± 0.0505
mix_gen	offline	bpq	dedup	blank	2	2.1136 ± 0.0368
randomG	offline	bpq	dedup	blank	3	2.1139 ± 0.0249
randomG	blank	bpq	npf	offline	0	2.1142 ± 0.0226
randomG	offline	bpq	hybrid	online	3	2.1146 ± 0.0415
mix_all	blank	bpq	npf	online	2	2.1148 ± 0.0685
randomG	blank	bpq	npf	offline	1	2.1154 ± 0.0281
mix_all	blank	bpq	npf	offline	0	2.1159 ± 0.0814
mix_gen	blank	bpq	npf	online	1	2.1162 ± 0.0784
mix_gen	offline	bpq	ob	online	2	2.1167 ± 0.0424
mix_gen	offline	bpq	dedup	offline	2	2.1171 ± 0.0295
mix_all	offline	bpq	npf	online	2	2.1172 ± 0.0426
mix_all	blank	bpq	npf	online	3	2.1182 ± 0.1136
mix_gen	offline	bpq	npf	blank	0	2.1182 ± 0.0464
mix_gen	blank	bpq	hybrid	offline	3	2.1203 ± 0.0946
mix_gen	offline	bpq	npf	offline	1	2.1204 ± 0.0550
mix_gen	offline	bpq	npf	online	1	2.1207 ± 0.0430
mix_gen	offline	bpq	npf	offline	2	2.1208 ± 0.0645
mix_gen	blank	bpq	dedup	offline	1	2.1214 ± 0.0303
randomG	blank	bpq	ob	blank	2	2.1217 ± 0.1035
mix_gen	offline	bpq	ob	blank	3	2.1227 ± 0.0398
mix_gen	blank	bpq	hybrid	online	0	2.1227 ± 0.1272
mix_gen	offline	bpq	hybrid	offline	0	2.1228 ± 0.0405
randomG	blank	bpq	npf	online	2	2.1228 ± 0.0623
mix_gen	offline	bpq	ob	online	0	2.1232 ± 0.0295
mix_gen	offline	bpq	dedup	blank	1	2.1235 ± 0.0121
mix_all	blank	bpq	dedup	online	1	2.1235 ± 0.0223
mix_all	offline	bpq	npf	blank	0	2.1235 ± 0.0250
mix_gen	offline	bpq	npf	online	2	2.1236 ± 0.0180
randomG	offline	bpq	hybrid	online	2	2.1237 ± 0.0539
mix_gen	blank	bpq	hybrid	online	2	2.1239 ± 0.1391
mix_gen	blank	bpq	dedup	blank	1	2.1241 ± 0.0404
mix_all	offline	bpq	ob	offline	1	2.1244 ± 0.0479
randomG	blank	bpq	npf	blank	0	2.1245 ± 0.0668
mix_all	blank	bpq	npf	blank	0	2.1245 ± 0.1370
mix_all	offline	bpq	ob	offline	2	2.1248 ± 0.0340
mix_all	blank	bpq	dedup	blank	3	2.1251 ± 0.0394
mix_gen	offline	bpq	ob	online	1	2.1251 ± 0.0476
mix_all	blank	bpq	dedup	offline	2	2.1254 ± 0.0429
randomG	blank	bpq	ob	online	0	2.1265 ± 0.0630
randomG	blank	bpq	hybrid	online	2	2.1266 ± 0.0629
mix_gen	offline	bpq	npf	online	0	2.1277 ± 0.0524
mix_all	blank	bpq	npf	offline	1	2.1279 ± 0.1050
randomG	blank	bpq	npf	online	3	2.1285 ± 0.0494
randomG	offline	bpq	dedup	offline	2	2.1288 ± 0.0329
randomG	offline	bpq	npf	blank	0	2.1289 ± 0.0630
mix_gen	offline	bpq	npf	offline	3	2.1292 ± 0.0740
randomG	offline	bpq	dedup	online	1	2.1294 ± 0.0160
randomG	blank	bpq	npf	online	1	2.1298 ± 0.0480
mix_gen	offline	bpq	false	false	0	2.1306 ± 0.0304
randomG	offline	bpq	dedup	online	3	2.1311 ± 0.0254
mix_gen	offline	bpq	dedup	online	1	2.1313 ± 0.0377
mix_gen	blank	bpq	npf	online	2	2.1316 ± 0.1030
mix_all	offline	bpq	dedup	online	1	2.1321 ± 0.0817
randomG	blank	bpq	dedup	offline	0	2.1321 ± 0.1007
mix_all	blank	bpq	hybrid	blank	0	2.1323 ± 0.1108
randomG	blank	bpq	dedup	offline	1	2.1327 ± 0.0967
randomG	offline	bpq	npf	blank	3	2.1327 ± 0.0596
mix_all	offline	bpq	npf	offline	3	2.1333 ± 0.1131
randomG	blank	bpq	dedup	offline	2	2.1338 ± 0.0868
mix_gen	offline	bpq	npf	offline	0	2.1340 ± 0.0679
randomG	offline	bpq	npf	offline	0	2.1342 ± 0.0633
randomG	offline	bpq	dedup	online	0	2.1342 ± 0.0475
mix_gen	offline	bpq	npf	blank	3	2.1348 ± 0.0558
mix_all	blank	bpq	npf	online	1	2.1348 ± 0.1389
mix_gen	offline	bpq	ob	online	3	2.1349 ± 0.0566
mix_gen	offline	bpq	dedup	offline	1	2.1356 ± 0.0615
mix_all	blank	bpq	hybrid	online	2	2.1358 ± 0.1058
mix_all	offline	bpq	false	false	0	2.1369 ± 0.0480
mix_all	offline	bpq	dedup	online	3	2.1379 ± 0.0692
randomG	offline	bpq	dedup	offline	1	2.1385 ± 0.0168
randomG	blank	bpq	false	false	0	2.1388 ± 0.0741
mix_all	offline	bpq	npf	online	0	2.1389 ± 0.1166
randomG	offline	bpq	dedup	blank	1	2.1389 ± 0.0346
randomG	blank	bpq	dedup	online	0	2.1390 ± 0.0949
randomG	offline	bpq	npf	blank	2	2.1392 ± 0.0654
randomG	offline	bpq	hybrid	offline	1	2.1399 ± 0.0699
mix_all	blank	bpq	false	false	0	2.1402 ± 0.0756
mix_gen	blank	bpq	dedup	online	2	2.1406 ± 0.0615
mix_all	blank	bpq	dedup	online	3	2.1422 ± 0.0584
randomG	blank	bpq	dedup	online	2	2.1430 ± 0.0957
randomG	offline	bpq	ob	offline	3	2.1440 ± 0.1336
randomG	blank	bpq	dedup	blank	2	2.1441 ± 0.0805
mix_gen	offline	bpq	ob	offline	3	2.1441 ± 0.0340
randomG	offline	bpq	dedup	blank	0	2.1444 ± 0.0970
mix_all	blank	bpq	hybrid	offline	3	2.1448 ± 0.1202
randomG	offline	bpq	false	false	0	2.1449 ± 0.0486
mix_all	offline	bpq	dedup	offline	1	2.1453 ± 0.0850
mix_gen	blank	bpq	hybrid	offline	0	2.1456 ± 0.1042
randomG	offline	bpq	ob	online	2	2.1457 ± 0.0858
mix_all	offline	bpq	dedup	blank	3	2.1460 ± 0.0984
mix_gen	offline	bpq	dedup	blank	0	2.1469 ± 0.0414
randomG	offline	bpq	npf	blank	1	2.1469 ± 0.0610
mix_all	offline	bpq	hybrid	online	1	2.1478 ± 0.0766
mix_gen	offline	bpq	hybrid	online	0	2.1494 ± 0.1154
randomG	offline	bpq	ob	offline	0	2.1500 ± 0.0892
mix_all	offline	bpq	hybrid	offline	0	2.1508 ± 0.1159
randomG	offline	bpq	dedup	offline	0	2.1508 ± 0.0378
randomG	blank	bpq	ob	offline	0	2.1509 ± 0.0687
mix_gen	offline	bpq	dedup	blank	3	2.1510 ± 0.0864
randomG	blank	bpq	hybrid	online	1	2.1512 ± 0.1073
randomG	blank	bpq	ob	offline	2	2.1513 ± 0.1062
mix_gen	blank	bpq	dedup	blank	3	2.1514 ± 0.0647
mix_gen	offline	bpq	ob	blank	1	2.1515 ± 0.0835
mix_all	blank	bpq	dedup	offline	0	2.1529 ± 0.0868
mix_all	offline	bpq	hybrid	blank	3	2.1529 ± 0.0834
randomG	blank	bpq	npf	offline	2	2.1534 ± 0.0895
mix_gen	blank	bpq	false	false	0	2.1537 ± 0.0799
mix_all	blank	bpq	hybrid	blank	1	2.1549 ± 0.1798
randomG	offline	bpq	hybrid	offline	0	2.1553 ± 0.0920
mix_gen	offline	bpq	dedup	online	0	2.1554 ± 0.0969
mix_gen	blank	bpq	hybrid	blank	2	2.1561 ± 0.0749
randomG	offline	bpq	hybrid	blank	3	2.1570 ± 0.1223
mix_all	blank	bpq	hybrid	blank	3	2.1572 ± 0.1485
randomG	blank	bpq	ob	offline	1	2.1576 ± 0.0752
mix_gen	offline	bpq	ob	offline	0	2.1583 ± 0.0959
mix_all	offline	bpq	hybrid	online	3	2.1584 ± 0.0987
randomG	offline	bpq	npf	offline	3	2.1586 ± 0.0798
randomG	blank	bpq	ob	blank	3	2.1586 ± 0.1543
mix_gen	offline	bpq	hybrid	offline	3	2.1588 ± 0.1374
randomG	blank	bpq	dedup	blank	3	2.1589 ± 0.1044
mix_all	offline	bpq	hybrid	blank	2	2.1604 ± 0.1056
randomG	offline	bpq	ob	offline	2	2.1605 ± 0.1546
mix_all	blank	bpq	dedup	blank	0	2.1610 ± 0.1162
mix_gen	offline	bpq	hybrid	offline	1	2.1624 ± 0.0727
mix_gen	blank	bpq	dedup	offline	3	2.1635 ± 0.0784
mix_all	offline	bpq	ob	blank	2	2.1642 ± 0.0988
mix_gen	blank	bpq	hybrid	blank	0	2.1646 ± 0.1479
randomG	offline	bpq	ob	online	3	2.1648 ± 0.1439
randomG	blank	bpq	dedup	online	1	2.1665 ± 0.1003
randomG	blank	bpq	npf	offline	3	2.1667 ± 0.0923
mix_gen	blank	bpq	npf	offline	2	2.1668 ± 0.1511
mix_all	offline	bpq	ob	online	2	2.1677 ± 0.1081
mix_all	offline	bpq	hybrid	online	0	2.1680 ± 0.1274
mix_all	blank	bpq	hybrid	online	0	2.1682 ± 0.1776
randomG	blank	bpq	npf	blank	1	2.1696 ± 0.0912
mix_gen	blank	bpq	dedup	online	1	2.1698 ± 0.0982
mix_all	offline	bpq	hybrid	offline	2	2.1710 ± 0.1188
randomG	offline	bpq	ob	blank	1	2.1717 ± 0.1243
mix_all	offline	bpq	dedup	blank	2	2.1737 ± 0.0695
randomG	blank	bpq	dedup	offline	3	2.1745 ± 0.1145
randomG	blank	bpq	ob	online	3	2.1746 ± 0.1726
mix_all	offline	bpq	npf	offline	1	2.1752 ± 0.1309
mix_all	offline	bpq	hybrid	offline	1	2.1758 ± 0.1404
mix_gen	offline	bpq	hybrid	online	2	2.1770 ± 0.1725
randomG	offline	bpq	ob	offline	1	2.1773 ± 0.1203
randomG	offline	bpq	hybrid	blank	1	2.1774 ± 0.0729
mix_gen	offline	bpq	dedup	offline	3	2.1775 ± 0.1375
mix_gen	offline	bpq	ob	blank	2	2.1775 ± 0.1609
mix_all	offline	bpq	hybrid	blank	0	2.1786 ± 0.1570
mix_all	offline	bpq	dedup	blank	1	2.1795 ± 0.1235
mix_all	blank	bpq	dedup	blank	1	2.1808 ± 0.1063
mix_gen	blank	bpq	dedup	blank	2	2.1810 ± 0.0853
mix_gen	offline	bpq	dedup	online	2	2.1819 ± 0.1374
mix_all	blank	bpq	hybrid	online	3	2.1822 ± 0.1175
randomG	offline	bpq	hybrid	blank	0	2.1829 ± 0.0778
mix_all	blank	bpq	dedup	offline	1	2.1839 ± 0.1282
mix_all	blank	bpq	dedup	online	0	2.1842 ± 0.1487
mix_gen	blank	bpq	dedup	offline	0	2.1854 ± 0.1277
mix_gen	offline	bpq	hybrid	blank	3	2.1855 ± 0.0880
mix_all	offline	bpq	ob	blank	1	2.1857 ± 0.1138
randomG	blank	bpq	npf	blank	3	2.1868 ± 0.1064
mix_gen	blank	bpq	hybrid	offline	2	2.1873 ± 0.2684
mix_gen	offline	bpq	ob	offline	2	2.1883 ± 0.1460
mix_all	offline	bpq	hybrid	offline	3	2.1888 ± 0.1019
mix_gen	blank	bpq	hybrid	online	3	2.1893 ± 0.1186
mix_gen	offline	bpq	ob	offline	1	2.1895 ± 0.1667
mix_all	offline	bpq	ob	blank	0	2.1903 ± 0.1441
mix_all	blank	bpq	hybrid	online	1	2.1910 ± 0.1015
mix_gen	blank	bpq	npf	offline	3	2.1940 ± 0.1402
mix_all	offline	bpq	dedup	online	0	2.1966 ± 0.2023
mix_gen	blank	bpq	ob	offline	0	2.1967 ± 0.1826
randomG	offline	bpq	ob	blank	2	2.1983 ± 0.1298
mix_gen	offline	bpq	hybrid	online	1	2.1986 ± 0.1506
mix_all	offline	bpq	ob	offline	3	2.2004 ± 0.1422
randomG	blank	bpq	dedup	blank	0	2.2016 ± 0.1014
mix_all	offline	bpq	hybrid	blank	1	2.2032 ± 0.1113
mix_gen	blank	bpq	npf	blank	1	2.2043 ± 0.2182
mix_gen	offline	bpq	hybrid	blank	2	2.2045 ± 0.1232
mix_all	offline	bpq	ob	online	1	2.2049 ± 0.2173
mix_gen	offline	bpq	dedup	offline	0	2.2056 ± 0.0786
mix_all	blank	bpq	hybrid	offline	2	2.2081 ± 0.1465
randomG	blank	bpq	dedup	blank	1	2.2092 ± 0.1404
mix_all	blank	bpq	dedup	blank	2	2.2112 ± 0.1491
randomG	blank	bpq	hybrid	blank	0	2.2176 ± 0.2465
mix_all	blank	bpq	hybrid	offline	0	2.2176 ± 0.2382
randomG	blank	bpq	dedup	online	3	2.2179 ± 0.1046
mix_all	offline	bpq	ob	offline	0	2.2179 ± 0.1693
randomG	offline	bpq	npf	offline	2	2.2190 ± 0.1925
mix_all	offline	bpq	hybrid	online	2	2.2191 ± 0.1122
randomG	offline	bpq	ob	online	1	2.2209 ± 0.1712
mix_all	blank	bpq	dedup	offline	3	2.2222 ± 0.2672
randomG	offline	bpq	ob	blank	0	2.2243 ± 0.1816
mix_gen	blank	bpq	hybrid	blank	1	2.2284 ± 0.1994
randomG	offline	bpq	hybrid	blank	2	2.2310 ± 0.1600
randomG	offline	bpq	npf	offline	1	2.2329 ± 0.1810
mix_all	offline	bpq	dedup	online	2	2.2408 ± 0.2002
randomG	offline	bpq	ob	online	0	2.2441 ± 0.1754
mix_gen	offline	bpq	dedup	online	3	2.2445 ± 0.1566
mix_all	offline	bpq	dedup	offline	3	2.2487 ± 0.2639
mix_all	offline	bpq	ob	online	0	2.2525 ± 0.3021
randomG	blank	bpq	npf	blank	2	2.2567 ± 0.1791
mix_all	blank	bpq	hybrid	offline	1	2.2593 ± 0.2692
mix_gen	offline	bpq	hybrid	online	3	2.2693 ± 0.1880
mix_gen	offline	bpq	hybrid	blank	1	2.2704 ± 0.1760
mix_gen	offline	bpq	hybrid	offline	2	2.2707 ± 0.3428
randomG	blank	bpq	npf	online	0	2.2715 ± 0.1694
randomG	offline	bpq	hybrid	online	1	2.2778 ± 0.3235
mix_gen	blank	bpq	dedup	online	3	2.2865 ± 0.3547
mix_all	offline	bpq	dedup	offline	0	2.2924 ± 0.2888
mix_all	offline	bpq	dedup	blank	0	2.2943 ± 0.2689
mix_gen	blank	bpq	hybrid	blank	3	2.3001 ± 0.3965
randomG	offline	bpq	dedup	online	2	2.3032 ± 0.3457
randomG	offline	bpq	ob	blank	3	2.3038 ± 0.2653
mix_all	blank	bpq	hybrid	blank	2	2.3115 ± 0.5208
mix_all	offline	bpq	ob	blank	3	2.3415 ± 0.4788
mix_all	offline	bpq	dedup	offline	2	2.3447 ± 0.3399
mix_gen	offline	bpq	hybrid	blank	0	2.3587 ± 0.1768
randomG	blank	bpq	hybrid	online	3	2.3809 ± 0.6968
randomG	offline	bpq	npf	online	1	2.3902 ± 0.5620
mix_all	blank	bpq	dedup	online	2	2.3982 ± 0.6155
randomG	offline	bpq	hybrid	online	0	2.4218 ± 0.6563
randomG	offline	bpq	hybrid	offline	2	2.4331 ± 0.7059
randomG	offline	bpq	hybrid	offline	3	2.4607 ± 0.6470
mix_gen	blank	bpq	ob	blank	3	2.4684 ± 0.7127
mix_gen	blank	bpq	ob	offline	3	2.4721 ± 0.7745
mix_all	blank	bpq	ob	online	2	2.4766 ± 0.7801
mix_all	blank	bpq	ob	blank	2	2.4853 ± 0.8322
mix_all	blank	bpq	ob	online	1	2.4922 ± 0.7067
mix_all	blank	bpq	ob	blank	1	2.4956 ± 0.8191
mix_gen	blank	bpq	ob	online	0	2.4956 ± 0.9160
mix_all	blank	bpq	ob	online	0	2.4973 ± 0.7775
mix_all	blank	bpq	ob	offline	1	2.5119 ± 0.7329
mix_all	blank	bpq	ob	offline	0	2.5134 ± 0.8737
mix_gen	blank	bpq	ob	online	2	2.5152 ± 0.7665
mix_all	blank	bpq	ob	offline	2	2.5193 ± 0.7242
mix_gen	blank	bpq	ob	blank	2	2.5341 ± 0.7067
mix_gen	blank	bpq	ob	blank	0	2.5392 ± 0.7180
mix_gen	blank	bpq	ob	online	3	2.5439 ± 0.7778
mix_all	blank	bpq	ob	online	3	2.5488 ± 0.7302
mix_gen	blank	bpq	ob	blank	1	2.5562 ± 0.6773
mix_all	blank	bpq	npf	online	0	2.5630 ± 0.9288
mix_all	blank	bpq	ob	offline	3	2.5674 ± 0.6865
mix_gen	blank	bpq	ob	online	1	2.5870 ± 0.7092
mix_all	blank	bpq	ob	blank	0	2.5898 ± 0.7826
mix_all	blank	bpq	ob	blank	3	2.6297 ± 1.1485
mix_gen	blank	bpq	ob	offline	1	2.7548 ± 1.1024
mix_gen	blank	bpq	ob	offline	2	3.2026 ± 1.8769
mix_gen	offline	lapq	ob	online	0	3.2894 ± 0.1316
mix_gen	offline	lapq	ob	offline	2	3.3068 ± 0.1590
randomG	offline	lapq	ob	blank	3	3.3085 ± 0.1307
mix_gen	offline	lapq	ob	blank	0	3.3159 ± 0.2013
randomG	offline	lapq	hybrid	blank	3	3.3162 ± 0.0525
mix_gen	offline	lapq	ob	online	3	3.3177 ± 0.1498
mix_gen	offline	lapq	ob	online	2	3.3206 ± 0.1998
randomG	offline	lapq	dedup	online	3	3.3210 ± 0.0578
randomG	offline	lapq	hybrid	offline	3	3.3217 ± 0.0881
mix_gen	offline	lapq	hybrid	offline	3	3.3222 ± 0.0516
mix_all	offline	lapq	ob	offline	1	3.3257 ± 0.2094
randomG	offline	lapq	hybrid	blank	2	3.3267 ± 0.0672
mix_gen	offline	lapq	npf	online	3	3.3267 ± 0.1467
mix_gen	offline	lapq	npf	blank	0	3.3313 ± 0.1208
randomG	offline	lapq	ob	online	3	3.3327 ± 0.1466
randomG	offline	lapq	ob	offline	2	3.3352 ± 0.0730
randomG	offline	lapq	hybrid	offline	2	3.3361 ± 0.0776
mix_gen	offline	lapq	ob	blank	3	3.3373 ± 0.1854
mix_gen	offline	lapq	npf	offline	3	3.3376 ± 0.1378
mix_gen	offline	lapq	hybrid	online	3	3.3385 ± 0.0569
mix_gen	offline	lapq	ob	blank	1	3.3393 ± 0.1821
randomG	offline	lapq	dedup	blank	3	3.3396 ± 0.0610
mix_all	offline	lapq	npf	online	0	3.3398 ± 0.1235
mix_all	offline	lapq	hybrid	online	0	3.3399 ± 0.0667
randomG	blank	lapq	dedup	offline	2	3.3400 ± 0.0657
mix_gen	offline	lapq	ob	offline	0	3.3408 ± 0.0610
mix_all	offline	lapq	hybrid	online	1	3.3411 ± 0.0655
randomG	offline	lapq	ob	offline	1	3.3431 ± 0.0615
randomG	offline	lapq	npf	blank	3	3.3435 ± 0.1395
mix_gen	offline	lapq	npf	offline	2	3.3436 ± 0.1489
randomG	offline	lapq	npf	offline	1	3.3446 ± 0.0880
mix_gen	offline	lapq	npf	offline	0	3.3455 ± 0.1234
mix_gen	blank	lapq	false	false	0	3.3464 ± 0.0703
randomG	offline	lapq	dedup	blank	0	3.3473 ± 0.0522
randomG	offline	lapq	npf	offline	2	3.3479 ± 0.1395
mix_gen	offline	lapq	hybrid	online	2	3.3487 ± 0.0910
randomG	offline	lapq	hybrid	online	2	3.3493 ± 0.0717
mix_gen	offline	lapq	dedup	online	0	3.3503 ± 0.0448
mix_gen	offline	lapq	hybrid	online	1	3.3512 ± 0.0773
randomG	blank	lapq	dedup	offline	3	3.3513 ± 0.0833
mix_all	offline	lapq	hybrid	offline	1	3.3514 ± 0.0625
mix_all	offline	lapq	hybrid	offline	2	3.3515 ± 0.0659
mix_all	offline	lapq	hybrid	blank	1	3.3517 ± 0.0824
mix_all	offline	lapq	hybrid	blank	0	3.3523 ± 0.0865
mix_gen	offline	lapq	hybrid	online	0	3.3528 ± 0.0578
mix_all	offline	lapq	npf	online	2	3.3536 ± 0.1185
mix_all	offline	lapq	hybrid	offline	3	3.3538 ± 0.1044
mix_gen	offline	lapq	ob	online	1	3.3539 ± 0.1434
randomG	offline	lapq	npf	online	2	3.3540 ± 0.1467
randomG	blank	lapq	dedup	online	3	3.3542 ± 0.0876
mix_gen	offline	lapq	dedup	offline	0	3.3552 ± 0.0474
randomG	offline	lapq	dedup	online	2	3.3558 ± 0.1330
mix_gen	offline	lapq	npf	blank	1	3.3560 ± 0.1598
randomG	offline	lapq	ob	blank	1	3.3569 ± 0.1723
mix_gen	offline	lapq	hybrid	offline	1	3.3570 ± 0.0733
mix_all	offline	lapq	hybrid	blank	2	3.3572 ± 0.0562
mix_gen	offline	lapq	ob	offline	3	3.3572 ± 0.2115
mix_gen	offline	lapq	hybrid	offline	0	3.3585 ± 0.0471
randomG	offline	lapq	hybrid	online	3	3.3590 ± 0.0623
mix_all	blank	lapq	npf	online	3	3.3609 ± 0.0288
mix_all	offline	lapq	hybrid	offline	0	3.3614 ± 0.0805
randomG	offline	lapq	ob	offline	0	3.3621 ± 0.0828
mix_gen	offline	lapq	dedup	blank	0	3.3622 ± 0.0615
mix_gen	offline	lapq	dedup	offline	3	3.3627 ± 0.0720
randomG	offline	lapq	npf	online	3	3.3632 ± 0.1338
mix_all	offline	lapq	dedup	offline	0	3.3632 ± 0.0812
mix_all	offline	lapq	hybrid	online	2	3.3637 ± 0.0380
mix_gen	offline	lapq	npf	online	0	3.3648 ± 0.1855
randomG	blank	lapq	false	false	0	3.3651 ± 0.0736
mix_all	offline	lapq	npf	offline	0	3.3652 ± 0.1080
randomG	blank	lapq	ob	online	2	3.3662 ± 0.0540
mix_gen	offline	lapq	hybrid	blank	3	3.3662 ± 0.0894
mix_gen	offline	lapq	dedup	blank	1	3.3666 ± 0.0672
randomG	offline	lapq	hybrid	online	0	3.3671 ± 0.0498
mix_all	blank	lapq	false	false	0	3.3676 ± 0.0818
randomG	blank	lapq	dedup	online	2	3.3677 ± 0.0783
mix_gen	offline	lapq	hybrid	offline	2	3.3688 ± 0.1555
mix_all	offline	lapq	npf	blank	0	3.3689 ± 0.1252
mix_all	offline	lapq	dedup	blank	1	3.3690 ± 0.0685
mix_all	blank	lapq	npf	offline	3	3.3700 ± 0.0439
mix_gen	offline	lapq	hybrid	blank	0	3.3701 ± 0.0680
mix_all	offline	lapq	npf	offline	3	3.3717 ± 0.1090
randomG	offline	lapq	ob	online	0	3.3730 ± 0.0875
mix_all	offline	lapq	ob	offline	0	3.3739 ± 0.1754
mix_all	offline	lapq	dedup	online	2	3.3745 ± 0.0721
randomG	blank	lapq	dedup	online	0	3.3746 ± 0.1113
mix_gen	offline	lapq	hybrid	blank	1	3.3746 ± 0.0275
mix_all	offline	lapq	hybrid	blank	3	3.3759 ± 0.0856
mix_gen	offline	lapq	dedup	online	1	3.3763 ± 0.0357
mix_all	offline	lapq	hybrid	online	3	3.3764 ± 0.0843
mix_gen	offline	lapq	dedup	offline	1	3.3769 ± 0.0371
mix_all	blank	lapq	ob	blank	0	3.3772 ± 0.0556
mix_all	offline	lapq	dedup	blank	2	3.3774 ± 0.0595
randomG	blank	lapq	ob	online	1	3.3779 ± 0.0454
randomG	offline	lapq	npf	blank	2	3.3781 ± 0.1546
mix_gen	blank	lapq	hybrid	online	2	3.3786 ± 0.0318
mix_all	blank	lapq	ob	offline	3	3.3790 ± 0.0698
randomG	offline	lapq	hybrid	online	1	3.3797 ± 0.1092
mix_all	offline	lapq	ob	online	2	3.3809 ± 0.1962
mix_all	blank	lapq	npf	blank	0	3.3810 ± 0.0630
mix_all	offline	lapq	dedup	offline	1	3.3821 ± 0.0741
mix_all	blank	lapq	npf	online	0	3.3827 ± 0.0478
mix_all	offline	lapq	npf	offline	2	3.3827 ± 0.1123
randomG	blank	lapq	hybrid	blank	1	3.3830 ± 0.0475
mix_gen	blank	lapq	hybrid	blank	0	3.3835 ± 0.0306
randomG	blank	lapq	hybrid	blank	3	3.3840 ± 0.0584
mix_all	blank	lapq	hybrid	offline	0	3.3841 ± 0.0210
randomG	offline	lapq	npf	online	0	3.3854 ± 0.1254
mix_gen	blank	lapq	hybrid	online	3	3.3855 ± 0.0267
mix_gen	blank	lapq	npf	blank	2	3.3868 ± 0.0736
randomG	offline	lapq	ob	online	2	3.3885 ± 0.1745
mix_all	blank	lapq	ob	blank	1	3.3892 ± 0.0865
mix_gen	blank	lapq	npf	blank	3	3.3906 ± 0.0570
mix_gen	blank	lapq	hybrid	blank	3	3.3913 ± 0.0245
mix_gen	blank	lapq	ob	offline	3	3.3913 ± 0.0758
mix_gen	offline	lapq	dedup	blank	2	3.3923 ± 0.0484
mix_gen	offline	lapq	hybrid	blank	2	3.3928 ± 0.1069
mix_gen	blank	lapq	hybrid	offline	2	3.3931 ± 0.0302
mix_gen	blank	lapq	hybrid	offline	3	3.3951 ± 0.0293
randomG	blank	lapq	dedup	offline	1	3.3952 ± 0.0285
mix_all	offline	lapq	npf	blank	3	3.3961 ± 0.1366
randomG	offline	lapq	ob	blank	2	3.3964 ± 0.2484
mix_all	blank	lapq	ob	offline	0	3.3973 ± 0.1201
mix_all	blank	lapq	dedup	online	0	3.3977 ± 0.0778
mix_gen	blank	lapq	dedup	offline	3	3.3978 ± 0.0645
randomG	blank	lapq	hybrid	blank	2	3.3981 ± 0.0655
randomG	blank	lapq	npf	blank	3	3.3994 ± 0.1157
randomG	offline	lapq	hybrid	blank	1	3.3995 ± 0.0578
randomG	blank	lapq	ob	blank	2	3.4010 ± 0.0544
randomG	blank	lapq	ob	offline	2	3.4011 ± 0.0678
randomG	offline	lapq	hybrid	blank	0	3.4020 ± 0.1253
randomG	blank	lapq	ob	blank	3	3.4031 ± 0.0520
randomG	offline	lapq	npf	blank	0	3.4034 ± 0.1141
mix_all	offline	lapq	dedup	online	0	3.4036 ± 0.0858
mix_gen	blank	lapq	ob	offline	2	3.4039 ± 0.0589
mix_gen	blank	lapq	hybrid	online	0	3.4041 ± 0.0462
randomG	offline	lapq	npf	offline	3	3.4047 ± 0.1823
randomG	blank	lapq	hybrid	offline	2	3.4050 ± 0.0648
randomG	blank	lapq	ob	offline	1	3.4054 ± 0.0802
randomG	offline	lapq	dedup	blank	2	3.4059 ± 0.1474
mix_all	blank	lapq	dedup	blank	0	3.4060 ± 0.0557
mix_gen	blank	lapq	hybrid	online	1	3.4064 ± 0.0700
mix_all	offline	lapq	dedup	blank	3	3.4074 ± 0.0517
randomG	offline	lapq	npf	online	1	3.4076 ± 0.1775
mix_all	offline	lapq	dedup	online	3	3.4085 ± 0.0699
mix_all	blank	lapq	hybrid	offline	2	3.4086 ± 0.0259
mix_all	blank	lapq	npf	offline	0	3.4097 ± 0.0715
mix_gen	offline	lapq	dedup	online	2	3.4097 ± 0.1138
mix_gen	blank	lapq	npf	blank	1	3.4112 ± 0.1046
randomG	offline	lapq	npf	offline	0	3.4120 ± 0.1834
mix_all	blank	lapq	ob	online	0	3.4123 ± 0.1372
randomG	blank	lapq	ob	online	3	3.4129 ± 0.0600
mix_all	blank	lapq	hybrid	offline	3	3.4133 ± 0.0298
randomG	offline	lapq	ob	blank	0	3.4149 ± 0.0743
mix_gen	blank	lapq	hybrid	blank	2	3.4155 ± 0.0532
randomG	offline	lapq	ob	online	1	3.4156 ± 0.1808
mix_gen	offline	lapq	ob	offline	1	3.4163 ± 0.2598
mix_gen	blank	lapq	npf	offline	1	3.4165 ± 0.0332
randomG	blank	lapq	npf	online	0	3.4167 ± 0.0889
randomG	offline	lapq	dedup	online	1	3.4174 ± 0.1364
mix_all	offline	lapq	npf	online	3	3.4175 ± 0.0915
mix_gen	blank	lapq	hybrid	offline	0	3.4175 ± 0.0348
mix_all	offline	lapq	npf	online	1	3.4185 ± 0.1612
mix_all	offline	lapq	npf	blank	1	3.4187 ± 0.1598
mix_all	offline	lapq	dedup	online	1	3.4193 ± 0.1027
randomG	blank	lapq	hybrid	online	1	3.4193 ± 0.1034
mix_all	blank	lapq	ob	online	3	3.4201 ± 0.0957
mix_all	offline	lapq	dedup	offline	2	3.4208 ± 0.0592
randomG	blank	lapq	dedup	offline	0	3.4223 ± 0.1277
mix_all	blank	lapq	hybrid	offline	1	3.4226 ± 0.0521
randomG	blank	lapq	npf	blank	1	3.4227 ± 0.1050
mix_gen	blank	lapq	hybrid	blank	1	3.4235 ± 0.0586
randomG	blank	lapq	npf	online	3	3.4250 ± 0.1253
randomG	blank	lapq	hybrid	online	3	3.4251 ± 0.1105
randomG	blank	lapq	dedup	blank	3	3.4252 ± 0.1244
randomG	offline	lapq	npf	blank	1	3.4260 ± 0.2225
mix_all	blank	lapq	hybrid	online	3	3.4276 ± 0.0744
mix_gen	blank	lapq	npf	online	0	3.4278 ± 0.0934
mix_gen	offline	lapq	dedup	online	3	3.4285 ± 0.1629
mix_gen	offline	lapq	dedup	blank	3	3.4285 ± 0.1458
mix_gen	offline	lapq	dedup	offline	2	3.4293 ± 0.1638
randomG	blank	lapq	ob	blank	1	3.4310 ± 0.0939
mix_gen	blank	lapq	dedup	online	1	3.4325 ± 0.1104
mix_all	offline	lapq	ob	online	0	3.4328 ± 0.3361
mix_gen	blank	lapq	ob	blank	3	3.4347 ± 0.1395
randomG	blank	lapq	hybrid	online	2	3.4349 ± 0.0880
mix_all	blank	lapq	dedup	offline	0	3.4383 ± 0.0908
mix_gen	blank	lapq	dedup	online	3	3.4386 ± 0.0978
mix_gen	blank	lapq	dedup	offline	2	3.4408 ± 0.0931
randomG	offline	lapq	dedup	blank	1	3.4423 ± 0.2016
randomG	blank	lapq	ob	offline	0	3.4428 ± 0.1143
mix_gen	blank	lapq	npf	offline	3	3.4434 ± 0.2095
mix_all	blank	lapq	npf	online	1	3.4439 ± 0.1919
mix_all	blank	lapq	ob	offline	2	3.4449 ± 0.0807
randomG	blank	lapq	hybrid	online	0	3.4450 ± 0.1170
randomG	offline	lapq	ob	offline	3	3.4467 ± 0.1941
mix_gen	blank	lapq	npf	blank	0	3.4486 ± 0.1757
mix_gen	offline	lapq	npf	blank	3	3.4494 ± 0.2025
mix_all	offline	lapq	ob	blank	2	3.4501 ± 0.2306
mix_gen	offline	lapq	npf	online	1	3.4505 ± 0.1315
mix_all	offline	lapq	dedup	offline	3	3.4505 ± 0.1093
randomG	offline	lapq	dedup	offline	3	3.4524 ± 0.2499
mix_gen	blank	lapq	hybrid	offline	1	3.4538 ± 0.1929
mix_gen	blank	lapq	ob	online	2	3.4541 ± 0.1834
mix_gen	blank	lapq	ob	online	3	3.4559 ± 0.1746
randomG	blank	lapq	hybrid	offline	3	3.4574 ± 0.0862
mix_all	blank	lapq	ob	online	2	3.4590 ± 0.1017
mix_all	blank	lapq	dedup	offline	3	3.4600 ± 0.0565
mix_all	blank	lapq	npf	blank	2	3.4604 ± 0.0814
mix_gen	offline	lapq	ob	blank	2	3.4621 ± 0.1802
randomG	blank	lapq	hybrid	offline	0	3.4658 ± 0.2038
randomG	blank	lapq	ob	online	0	3.4683 ± 0.1516
mix_gen	blank	lapq	dedup	blank	0	3.4697 ± 0.1141
randomG	blank	lapq	ob	blank	0	3.4697 ± 0.1353
mix_all	blank	lapq	hybrid	online	2	3.4724 ± 0.0686
mix_gen	offline	lapq	npf	blank	2	3.4741 ± 0.2065
randomG	blank	lapq	npf	blank	2	3.4746 ± 0.2011
mix_all	blank	lapq	dedup	blank	2	3.4771 ± 0.1920
mix_all	blank	lapq	hybrid	blank	3	3.4781 ± 0.1222
mix_gen	blank	lapq	ob	online	1	3.4797 ± 0.0776
randomG	blank	lapq	hybrid	offline	1	3.4823 ± 0.2163
mix_all	offline	lapq	dedup	blank	0	3.4839 ± 0.2692
mix_all	blank	lapq	dedup	online	3	3.4849 ± 0.0847
mix_all	blank	lapq	ob	blank	2	3.4874 ± 0.1519
mix_gen	blank	lapq	dedup	online	0	3.4911 ± 0.1355
randomG	blank	lapq	dedup	blank	0	3.4915 ± 0.2948
randomG	offline	lapq	false	false	0	3.4942 ± 0.3988
mix_gen	offline	lapq	false	false	0	3.4947 ± 0.2328
randomG	blank	lapq	npf	online	2	3.4959 ± 0.2092
mix_all	blank	lapq	dedup	online	2	3.4962 ± 0.1632
randomG	blank	lapq	dedup	blank	2	3.4967 ± 0.1804
mix_gen	blank	lapq	npf	offline	0	3.4971 ± 0.2234
mix_all	offline	lapq	ob	blank	0	3.4978 ± 0.2266
mix_gen	blank	lapq	dedup	blank	1	3.5008 ± 0.2219
mix_gen	blank	lapq	ob	blank	2	3.5013 ± 0.2405
mix_all	blank	lapq	ob	offline	1	3.5030 ± 0.2485
randomG	blank	lapq	ob	offline	3	3.5044 ± 0.1521
mix_all	blank	lapq	dedup	online	1	3.5072 ± 0.2332
mix_gen	blank	lapq	dedup	blank	2	3.5076 ± 0.1878
mix_gen	offline	lapq	npf	offline	1	3.5134 ± 0.0955
mix_all	blank	lapq	dedup	blank	1	3.5150 ± 0.2278
mix_all	offline	lapq	npf	blank	2	3.5190 ± 0.2483
mix_all	offline	lapq	ob	online	3	3.5204 ± 0.1253
mix_all	blank	lapq	npf	blank	3	3.5214 ± 0.1906
mix_all	blank	lapq	dedup	blank	3	3.5221 ± 0.2356
mix_all	blank	lapq	dedup	offline	2	3.5233 ± 0.1329
randomG	offline	lapq	dedup	offline	2	3.5246 ± 0.4056
mix_gen	blank	lapq	ob	blank	1	3.5257 ± 0.2081
mix_all	blank	lapq	dedup	offline	1	3.5272 ± 0.2853
mix_gen	blank	lapq	dedup	offline	0	3.5282 ± 0.1769
mix_all	offline	lapq	ob	blank	1	3.5309 ± 0.2461
mix_gen	offline	lapq	npf	online	2	3.5309 ± 0.4625
mix_gen	blank	lapq	ob	online	0	3.5313 ± 0.2796
mix_all	offline	lapq	npf	offline	1	3.5325 ± 0.4188
randomG	blank	lapq	npf	offline	0	3.5353 ± 0.1364
mix_all	blank	lapq	npf	offline	1	3.5422 ± 0.3633
mix_all	offline	lapq	ob	offline	3	3.5431 ± 0.4207
mix_gen	blank	lapq	dedup	offline	1	3.5440 ± 0.2356
mix_gen	blank	lapq	ob	offline	1	3.5449 ± 0.1502
randomG	blank	lapq	hybrid	blank	0	3.5477 ± 0.2283
randomG	blank	lapq	dedup	online	1	3.5495 ± 0.3278
randomG	blank	lapq	npf	offline	2	3.5509 ± 0.1428
mix_all	blank	lapq	hybrid	online	0	3.5546 ± 0.3041
mix_all	blank	lapq	npf	offline	2	3.5629 ± 0.3020
mix_all	offline	lapq	ob	blank	3	3.5685 ± 0.3540
randomG	blank	lapq	npf	online	1	3.5703 ± 0.1879
randomG	blank	lapq	npf	blank	0	3.5707 ± 0.2494
mix_gen	blank	lapq	ob	offline	0	3.5719 ± 0.1612
mix_gen	blank	lapq	ob	blank	0	3.5761 ± 0.4339
mix_gen	blank	lapq	npf	offline	2	3.5806 ± 0.3160
mix_all	offline	lapq	ob	offline	2	3.5953 ± 0.3917
mix_all	blank	lapq	ob	blank	3	3.5961 ± 0.2644
randomG	blank	lapq	npf	offline	3	3.5975 ± 0.2519
randomG	offline	lapq	dedup	offline	0	3.6034 ± 0.3091
mix_all	blank	lapq	npf	blank	1	3.6100 ± 0.5104
randomG	blank	lapq	dedup	blank	1	3.6228 ± 0.2919
mix_all	offline	lapq	ob	online	1	3.6496 ± 0.6088
mix_gen	blank	lapq	dedup	online	2	3.6604 ± 0.5571
mix_all	offline	lapq	false	false	0	3.6648 ± 0.7900
randomG	offline	lapq	dedup	offline	1	3.6705 ± 0.6416
mix_all	blank	lapq	npf	online	2	3.6912 ± 0.5917
mix_all	blank	lapq	ob	online	1	3.6930 ± 0.6986
mix_all	blank	lapq	hybrid	blank	2	3.7041 ± 0.5055
mix_all	blank	lapq	hybrid	online	1	3.7068 ± 0.6273
mix_gen	blank	lapq	npf	online	3	3.7864 ± 0.8595
randomG	offline	lapq	hybrid	offline	1	3.7893 ± 0.9716
mix_gen	blank	lapq	npf	online	1	3.8122 ± 0.8139
mix_all	blank	lapq	hybrid	blank	1	3.8401 ± 0.9364
mix_gen	blank	lapq	dedup	blank	3	3.8512 ± 0.8757
mix_all	blank	lapq	hybrid	blank	0	3.8595 ± 0.9133
mix_gen	blank	lapq	npf	online	2	3.8681 ± 0.8733
randomG	offline	lapq	hybrid	offline	0	3.8881 ± 1.0298
randomG	offline	lapq	dedup	online	0	3.8998 ± 0.5092
randomG	blank	lapq	npf	offline	1	3.9586 ± 0.9003
